Nome;Long;Lat;Pop
SAO PAULO;-46,570383;-23,567387;12396372
GUARULHOS;-46,531084;-23,468506;1404694
CAMPINAS;-47,060156;-22,907343;1223237
SAO BERNARDO DO CAMPO;-46,550257;-23,710305;849874
SAO JOSE DOS CAMPOS;-45,884175;-23,184062;737310
SANTO ANDRE;-46,530874;-23,657510;723889
RIBEIRAO PRETO;-47,805476;-21,184835;720116
OSASCO;-46,788810;-23,533612;701428
SOROCABA;-47,457853;-23,499323;695328
MAUA;-46,458262;-23,669335;481725
SAO JOSE DO RIO PRETO;-49,381348;-20,812637;469173
MOGI DAS CRUZES;-46,196760;-23,522707;455587
SANTOS;-46,331371;-23,933738;433991
DIADEMA;-46,623381;-23,689295;429550
JUNDIAI;-46,885274;-23,187668;426935
PIRACICABA;-47,646846;-22,723722;410275
CARAPICUIBA;-46,841445;-23,535250;405375
BAURU;-49,083001;-22,325123;381706
ITAQUAQUECETUBA;-46,351603;-23,476898;379082
SAO VICENTE;-46,384491;-23,967373;370839
FRANCA;-47,402332;-20,536097;358539
PRAIA GRANDE;-46,412050;-24,003022;336454
GUARUJA;-46,249034;-23,995149;324977
TAUBATE;-45,556609;-23,026556;320820
LIMEIRA;-47,401940;-22,562194;310783
SUZANO;-46,307810;-23,536828;303397
TABOAO DA SERRA;-46,785780;-23,623329;297528
SUMARE;-47,265803;-22,822145;289875
BARUERI;-46,874653;-23,508902;279704
EMBU DAS ARTES;-46,850860;-23,647313;279264
INDAIATUBA;-47,212309;-23,081646;260690
COTIA;-46,931846;-23,603514;257882
SAO CARLOS;-47,889238;-22,015999;256915
AMERICANA;-47,330363;-22,740884;244370
ITAPEVI;-46,933373;-23,546934;244131
MARILIA;-49,951646;-22,214933;242249
ARARAQUARA;-48,174440;-21,790360;240542
HORTOLANDIA;-47,221097;-22,858395;237570
JACAREI;-45,969593;-23,304880;237119
PRESIDENTE PRUDENTE;-51,386766;-22,122744;231953
RIO CLARO;-47,563533;-22,412512;209548
ARACATUBA;-50,439226;-21,205476;199210
FERRAZ DE VASCONCELOS;-46,366553;-23,541545;198661
SANTA BARBARA D'OESTE;-47,413955;-22,755394;195278
ITAPECERICA DA SERRA;-46,850552;-23,715357;179574
FRANCISCO MORATO;-46,732527;-23,275826;179372
ITU;-47,299750;-23,265443;177150
BRAGANCA PAULISTA;-46,542333;-22,956896;172346
PINDAMONHANGABA;-45,462049;-22,926669;171885
ITAPETININGA;-48,046143;-23,587873;167106
SAO CAETANO DO SUL;-46,571515;-23,614705;162763
FRANCO DA ROCHA;-46,727875;-23,320303;158438
MOGI GUACU;-46,944474;-22,365720;154146
JAU;-48,558141;-22,295791;153463
BOTUCATU;-48,441289;-22,888382;149718
ATIBAIA;-46,555063;-23,116308;145378
SANTANA DE PARNAIBA;-46,922093;-23,449453;145073
ARARAS;-47,385830;-22,357087;136739
VALINHOS;-46,996630;-22,971244;133169
CUBATAO;-46,420032;-23,883839;132521
SERTAOZINHO;-47,991148;-21,137022;128432
JANDIRA;-46,905221;-23,529939;127734
BIRIGUI;-50,339329;-21,292392;126094
RIBEIRAO PIRES;-46,415344;-23,707423;125238
CARAGUATATUBA;-45,410818;-23,622007;125194
VOTORANTIM;-47,449738;-23,541871;124468
VARZEA PAULISTA;-46,829890;-23,214467;124269
ITATIBA;-46,837558;-23,004853;124254
TATUI;-47,849464;-23,348577;124134
BARRETOS;-48,567378;-20,558456;123546
GUARATINGUETA;-45,191600;-22,817425;123192
CATANDUVA;-48,975871;-21,139539;123114
SALTO;-47,292416;-23,204074;120779
POA;-46,346220;-23,528627;119221
OURINHOS;-49,868580;-22,977268;115139
PAULINIA;-47,154386;-22,759922;114508
ASSIS;-50,417510;-22,662835;105768
LEME;-47,388708;-22,185436;105273
ITANHAEM;-46,790991;-24,186121;104351
CAIEIRAS;-46,744101;-23,362116;104044
MAIRIPORA;-46,590196;-23,322459;103645
VOTUPORANGA;-49,974672;-20,419470;96106
CACAPAVA;-45,707730;-23,100664;95752
ITAPEVA;-48,877389;-23,983438;95241
MOGI MIRIM;-46,956367;-22,432696;94098
SAO ROQUE;-47,135423;-23,530359;93076
UBATUBA;-45,072091;-23,435965;92819
ARUJA;-46,320490;-23,395827;92453
SAO JOAO DA BOA VISTA;-46,796351;-21,972011;92315
AVARE;-48,923263;-23,103194;91792
SAO SEBASTIAO;-45,402680;-23,806688;91637
LORENA;-45,124248;-22,731693;89532
CAMPO LIMPO PAULISTA;-46,763819;-23,209396;86407
MATAO;-48,367748;-21,602995;84069
CRUZEIRO;-44,961732;-22,577750;82895
VINHEDO;-46,976476;-23,030538;81516
IBIUNA;-47,220491;-23,652633;80062
CAJAMAR;-46,882920;-23,360971;79034
LINS;-49,751423;-21,672347;78978
JABOTICABAL;-48,320350;-21,254471;78029
BEBEDOURO;-48,477362;-20,949816;77612
PIRASSUNUNGA;-47,425173;-21,994049;77330
ITAPIRA;-46,821248;-22,436005;75683
COSMOPOLIS;-47,196771;-22,645785;74662
AMPARO;-46,765086;-22,699389;73145
EMBU-GUACU;-46,817109;-23,831829;70402
PERUIBE;-46,997302;-24,319509;69697
FERNANDOPOLIS;-50,248748;-20,282383;69680
LENCOIS PAULISTA;-48,798682;-22,597507;69533
MOCOCA;-47,007171;-21,468991;69072
BERTIOGA;-46,136538;-23,854015;66154
TUPA;-50,514006;-21,934822;65615
ITUPEVA;-47,055701;-23,153410;64330
PENAPOLIS;-50,073036;-21,418383;64098
BATATAIS;-47,586107;-20,891930;63438
BOITUVA;-47,671473;-23,281944;63310
NOVA ODESSA;-47,293635;-22,782795;61716
MONTE MOR;-47,313269;-22,945522;61707
IBITINGA;-48,827695;-21,757083;61150
MIRASSOL;-49,512139;-20,817005;60768
JAGUARIUNA;-46,982343;-22,706782;59921
MONGAGUA;-46,619993;-24,094116;58567
SANTA ISABEL;-46,227013;-23,318089;58529
TAQUARITINGA;-48,506742;-21,410008;57547
ANDRADINA;-51,378848;-20,901464;57245
CAPIVARI;-47,502206;-22,999549;56973
PORTO FERREIRA;-47,481410;-21,858363;56848
REGISTRO;-47,841055;-24,494251;56463
ARTUR NOGUEIRA;-47,164301;-22,571343;56247
PIEDADE;-47,418015;-23,714202;55731
OLIMPIA;-48,913492;-20,737284;55477
SAO JOSE DO RIO PARDO;-46,888266;-21,596103;55298
VARGEM GRANDE PAULISTA;-47,019648;-23,615303;54315
PORTO FELIZ;-47,524597;-23,214412;53698
SAO JOAQUIM DA BARRA;-47,863268;-20,583166;52737
CAMPOS DO JORDAO;-45,589202;-22,740092;52713
RIO GRANDE DA SERRA;-46,393693;-23,744515;52009
PONTAL;-48,037837;-21,025710;51717
CABREUVA;-47,133658;-23,312674;51130
MONTE ALTO;-48,496651;-21,263864;51039
LOUVEIRA;-46,946440;-23,086779;51007
ITARARE;-49,336120;-24,112138;50778
CERQUILHO;-47,737531;-23,168673;50631
JALES;-50,550356;-20,267853;49291
PEDREIRA;-46,897802;-22,743771;48992
TREMEMBE;-45,550747;-22,960415;48228
SANTA CRUZ DO RIO PARDO;-49,624609;-22,905723;48207
MAIRINQUE;-47,184483;-23,547458;47723
PEDERNEIRAS;-48,779681;-22,355492;47523
DRACENA;-51,534050;-21,486138;47287
CAPAO BONITO;-48,351435;-24,006801;47098
SALTO DE PIRAPORA;-47,574680;-23,649132;46285
PARAGUACU PAULISTA;-50,575029;-22,417711;46180
SERRANA;-47,597762;-21,209478;46166
JARDINOPOLIS;-47,765353;-21,022457;45544
ORLANDIA;-47,886384;-20,720421;44682
ESPIRITO SANTO DO PINHAL;-46,745514;-22,197054;44607
PRESIDENTE EPITACIO;-52,115276;-21,768782;44572
GARCA;-49,656530;-22,210709;44429
ITAPOLIS;-48,813392;-21,594704;43536
VARGEM GRANDE DO SUL;-46,895609;-21,835866;43368
TIETE;-47,711473;-23,097889;42946
ITUVERAVA;-47,780416;-20,336288;42259
NOVO HORIZONTE;-49,221750;-21,468475;41765
SOCORRO;-46,529212;-22,592030;41690
AMERICO BRASILIENSE;-48,106605;-21,730037;41545
SAO MANUEL;-48,568763;-22,736460;41287
GUAIRA;-48,314470;-20,320144;41283
PROMISSAO;-49,857735;-21,538867;41211
GUARIBA;-48,234057;-21,357996;40857
PITANGUEIRAS;-48,222266;-21,010999;40430
PRESIDENTE VENCESLAU;-51,840259;-21,875940;39648
IPERO;-47,689894;-23,350277;38771
JOSE BONIFACIO;-49,686283;-21,053719;37707
AGUDOS;-48,990156;-22,474037;37582
AGUAI;-46,979693;-22,059684;36981
SAO PEDRO;-47,914033;-22,548888;36298
RIO DAS PEDRAS;-47,604485;-22,842861;36233
APARECIDA;-45,229429;-22,848154;36211
ILHABELA;-45,354057;-23,788653;36194
BARRA BONITA;-48,563229;-22,491146;36125
CRAVINHOS;-47,730042;-21,340431;35858
BARIRI;-48,741525;-22,071978;35844
IBATE;-48,002388;-21,955602;35830
ARACOIABA DA SERRA;-47,587243;-23,507320;35389
ADAMANTINA;-51,073365;-21,688311;35153
SANTA CRUZ DAS PALMEIRAS;-47,249414;-21,827568;35102
DESCALVADO;-47,620664;-21,909083;34097
CACHOEIRA PAULISTA;-45,010630;-22,664754;33827
MORRO AGUDO;-48,057594;-20,732663;33598
BARRINHA;-48,162814;-21,191744;33537
BIRITIBA-MIRIM;-46,041212;-23,571033;33265
GUARARAPES;-50,642639;-21,253446;33257
OSVALDO CRUZ;-50,873139;-21,797084;33118
SAO MIGUEL ARCANJO;-47,995589;-23,879490;33071
SANTA FE DO SUL;-50,926777;-20,211693;32796
JUQUITIBA;-47,081594;-23,935689;31844
CANDIDO MOTA;-50,388393;-22,746926;31410
JARINU;-46,738271;-23,103063;31173
IGUAPE;-47,553137;-24,706954;31117
IGARAPAVA;-47,751067;-20,039613;30791
CASA BRANCA;-47,079758;-21,777987;30655
GUARAREMA;-46,041053;-23,415233;30465
PIRAJU;-49,383974;-23,192991;29930
MIRANDOPOLIS;-51,105640;-21,132087;29844
RANCHARIA;-50,890212;-22,228451;29743
SERRA NEGRA;-46,701791;-22,612694;29669
PILAR DO SUL;-47,715508;-23,814612;29612
LARANJAL PAULISTA;-47,833781;-23,054012;29047
CONCHAL;-47,174376;-22,330076;28491
CAJATI;-48,105000;-24,726361;28441
PIRAPOZINHO;-51,499584;-22,276675;27974
SANTA GERTRUDES;-47,530709;-22,455327;27850
DOIS CORREGOS;-48,382676;-22,367316;27704
SANTA RITA DO PASSA QUATRO;-47,478981;-21,707144;27641
ITAI;-49,081032;-23,419055;27632
PIRACAIA;-46,358755;-23,050499;27617
VALPARAISO;-50,869308;-21,225575;27154
SANTA ROSA DE VITERBO;-47,367269;-21,485273;26960
ILHA SOLTEIRA;-51,344891;-20,429373;26886
MARTINOPOLIS;-51,170768;-22,147832;26791
CAJURU;-47,304266;-21,274718;26613
BOM JESUS DOS PERDOES;-46,466493;-23,130837;26506
TANABI;-49,648820;-20,625112;26231
PIRAJUI;-49,456642;-21,993447;25939
ANGATUBA;-48,406760;-23,483987;25724
PEREIRA BARRETO;-51,106661;-20,636669;25685
MONTE APRAZIVEL;-49,714116;-20,772140;25651
BRODOWSKI;-47,656398;-20,990140;25605
POTIM;-45,255974;-22,840620;25603
CORDEIROPOLIS;-47,458283;-22,481707;25116
ALVARES MACHADO;-51,468797;-22,077779;25078
IRACEMAPOLIS;-47,522247;-22,583037;24982
BROTAS;-48,126833;-22,286517;24862
IGARACU DO TIETE;-48,557066;-22,511149;24821
APIAI;-48,848660;-24,513316;24081
SANTO ANTONIO DE POSSE;-46,915910;-22,604797;23742
TEODORO SAMPAIO;-52,171195;-22,531007;23395
ARACARIGUAMA;-47,071548;-23,430041;23343
TAQUARITUBA;-49,244089;-23,532061;23292
TAMBAU;-47,271616;-21,703033;23255
MIGUELOPOLIS;-48,029334;-20,177129;22480
POMPEIA;-50,176028;-22,106146;22326
PALMITAL;-50,218791;-22,785592;22322
PRADOPOLIS;-48,065583;-21,358049;22239
GUAPIACU;-49,219146;-20,796449;22087
LUCELIA;-51,018349;-21,723416;22022
NOVA GRANADA;-49,320093;-20,533154;21871
ENGENHEIRO COELHO;-47,213080;-22,491190;21712
CASTILHO;-51,489407;-20,872027;21521
GUARA;-47,824593;-20,427557;21394
CUNHA;-44,958027;-23,074750;21373
CAPELA DO ALTO;-47,736118;-23,469903;21257
ITATINGA;-48,613380;-23,104273;21139
JUNQUEIROPOLIS;-51,434012;-21,511276;20978
BASTOS;-50,734871;-21,921037;20952
SANTO ANASTACIO;-51,649892;-21,973021;20855
PARANAPANEMA;-48,723677;-23,386928;20588
REGENTE FEIJO;-51,303149;-22,220234;20523
CERQUEIRA CESAR;-49,165330;-23,034797;20391
BURI;-48,597415;-23,799381;20050
PARIQUERA-ACU;-47,879998;-24,712547;19797
MIRACATU;-47,457104;-24,283929;19511
PIRAPORA DO BOM JESUS;-47,000968;-23,397523;19453
GUAREI;-48,184538;-23,373140;19244
VIRADOURO;-48,296663;-20,872314;19133
CACONDE;-46,646835;-21,528738;19031
MONTE AZUL PAULISTA;-48,642971;-20,903841;18928
AGUAS DE LINDOIA;-46,631779;-22,473822;18908
ALUMINIO;-47,259057;-23,533373;18903
NAZARE PAULISTA;-46,402590;-23,178696;18866
JUQUIA;-47,635342;-24,320703;18627
ITIRAPINA;-47,819885;-22,253968;18610
COLINA;-48,539738;-20,718734;18601
CESARIO LANGE;-47,952111;-23,224732;18595
MIRANTE DO PARANAPANEMA;-51,905794;-22,290559;18415
PARAIBUNA;-45,662864;-23,386262;18302
CONCHAS;-48,009892;-23,012958;18138
ELIAS FAUSTO;-47,376774;-23,042537;18095
BADY BASSITT;-49,448574;-20,918564;18013
CAFELANDIA;-49,600354;-21,809705;17917
JACUPIRANGA;-48,004705;-24,698150;17911
SEVERINIA;-48,801534;-20,809386;17820
ITARIRI;-47,175726;-24,292006;17754
POTIRENDABA;-49,378183;-21,045095;17668
CHARQUEADA;-47,775700;-22,508882;17539
BURITAMA;-50,149281;-21,067040;17414
ITABERA;-49,137133;-23,859811;17405
PINDORAMA;-48,905638;-21,185988;17378
SALESOPOLIS;-45,847177;-23,531793;17363
MACATUBA;-48,711405;-22,505550;17263
GUAPIARA;-48,527681;-24,182527;16896
PEDREGULHO;-47,481795;-20,256871;16876
IPUA;-48,017385;-20,441483;16794
TABATINGA;-48,686788;-21,732515;16787
BORBOREMA;-49,072640;-21,621538;16278
ALTINOPOLIS;-47,373280;-21,024583;16221
SAO LOURENCO DA SERRA;-46,941750;-23,849086;16127
FARTURA;-49,512053;-23,388961;16102
RIBEIRAO BRANCO;-48,765477;-24,220268;15984
PANORAMA;-51,856574;-21,360184;15944
ROSANA;-53,058654;-22,581175;15929
TUPI PAULISTA;-51,576721;-21,386395;15670
SANTA ADELIA;-48,805948;-21,243270;15639
LUIZ ANTONIO;-47,700280;-21,551707;15628
HOLAMBRA;-47,059287;-22,641750;15605
ELDORADO;-48,103228;-24,525387;15592
PINHALZINHO;-46,590577;-22,780796;15564
SAO SIMAO;-47,553353;-21,479723;15446
TARUMA;-50,576565;-22,744771;15361
ITAJOBI;-49,054311;-21,315707;15331
AURIFLAMA;-50,553959;-20,687335;15316
SERRA AZUL;-47,563250;-21,310288;15292
ITAPORANGA;-49,484396;-23,703500;15197
IPAUSSU;-49,626807;-23,052913;15165
BOA ESPERANCA DO SUL;-48,390597;-21,992484;15111
PATROCINIO PAULISTA;-47,283060;-20,641153;14941
FLORIDA PAULISTA;-51,168876;-21,613428;14936
SANTA BRANCA;-45,887648;-23,395758;14925
TAGUAI;-49,405771;-23,449814;14415
PACAEMBU;-51,265202;-21,560078;14326
QUATA;-50,697947;-22,249405;14309
ITAPUI;-48,718874;-22,232128;14297
MARACAI;-50,668968;-22,610415;14069
AVANHANDAVA;-49,942697;-21,460871;14063
URUPES;-49,290730;-21,200419;13965
MORUNGABA;-46,791344;-22,881031;13936
PIRATININGA;-49,137252;-22,412066;13890
QUELUZ;-44,778477;-22,541844;13788
VALENTIM GENTIL;-50,085868;-20,423370;13732
PALMARES PAULISTA;-48,801285;-21,082471;13691
PIQUETE;-45,183569;-22,611167;13495
JOANOPOLIS;-46,273417;-22,930678;13453
RIBEIRAO BONITO;-48,177706;-22,064935;13376
PALESTINA;-49,433782;-20,390587;13285
MINEIROS DO TIETE;-48,451802;-22,411697;13023
PRESIDENTE BERNARDES;-51,557570;-22,008991;12943
TAPIRATIBA;-46,745515;-21,471885;12940
RIOLANDIA;-49,681159;-19,977734;12856
SETE BARRAS;-47,927217;-24,388604;12731
IBIRA;-49,238862;-21,080537;12639
LAVINIA;-51,040502;-21,164857;12581
BOCAINA;-48,520494;-22,133923;12571
TABAPUA;-49,032621;-20,957601;12561
CANANEIA;-47,928483;-25,016908;12542
DUARTINA;-49,405045;-22,414881;12421
CHAVANTES;-49,713936;-23,032006;12418
GUAICARA;-49,798762;-21,622143;12416
CARDOSO;-49,914942;-20,080992;12371
SAO SEBASTIAO DA GRAMA;-46,824128;-21,708421;12137
BOFETE;-48,260033;-23,102520;12107
SALES OLIVEIRA;-47,842349;-20,777882;12103
IACANGA;-49,016930;-21,891978;12002
NHANDEARA;-50,040274;-20,694823;11575
ILHA COMPRIDA;-47,554317;-24,739240;11552
PIRANGI;-48,669842;-21,099632;11524
NOVA EUROPA;-48,562140;-21,778923;11519
PEDRO DE TOLEDO;-47,229076;-24,272801;11507
ESTIVA GERBI;-46,953603;-22,274589;11507
GETULINA;-49,929284;-21,799831;11485
GUARACI;-48,944503;-20,498809;11382
AREIOPOLIS;-48,665595;-22,673940;11186
BERNARDINO DE CAMPOS;-49,474043;-23,013553;11168
BANANAL;-44,323330;-22,682616;11039
DIVINOLANDIA;-46,736870;-21,661622;11027
PARAPUA;-50,793844;-21,779839;10934
SAO BENTO DO SAPUCAI;-45,737139;-22,685287;10907
ROSEIRA;-45,309378;-22,896819;10888
GENERAL SALGADO;-50,361814;-20,648369;10855
VARGEM;-46,411600;-22,884880;10842
RINCAO;-48,072330;-21,589189;10824
VERA CRUZ;-49,821782;-22,224748;10804
OUROESTE;-50,377585;-19,995592;10712
SAO LUIZ DO PARAITINGA;-45,309545;-23,221872;10693
CAJOBI;-48,810122;-20,879093;10649
SARAPUI;-47,827196;-23,641507;10493
PORANGABA;-48,126767;-23,175387;10205
UCHOA;-49,177670;-20,953346;10191
DUMONT;-47,970843;-21,233326;10174
TORRINHA;-48,172158;-22,427494;10100
REGINOPOLIS;-49,229798;-21,886761;10047
MANDURI;-49,318113;-23,003346;9972
NOVA CAMPINA;-48,905738;-24,123210;9962
RINOPOLIS;-50,724838;-21,727891;9940
ARIRANHA;-48,788337;-21,186127;9851
IARAS;-49,156179;-22,871892;9786
HERCULANDIA;-50,385522;-22,003747;9649
IGARATA;-46,156314;-23,204843;9631
TERRA ROXA;-48,341536;-20,787842;9502
CEDRAL;-49,272842;-20,904232;9452
SALTO GRANDE;-49,981078;-22,890507;9396
EUCLIDES DA CUNHA PAULISTA;-52,590898;-22,554997;9280
BALSAMO;-49,579328;-20,738264;9209
PALMEIRA D'OESTE;-50,765988;-20,416217;9173
VISTA ALEGRE DO ALTO;-48,630171;-21,167154;9163
RAFARD;-47,531161;-23,011556;9126
URANIA;-50,641800;-20,246264;9125
DOBRADA;-48,400243;-21,514804;9088
SAO JOSE DA BELA VISTA;-47,640990;-20,594420;8991
PAULO DE FARIA;-49,399552;-20,029300;8973
NEVES PAULISTA;-49,630475;-20,843916;8917
CLEMENTINA;-50,450349;-21,560310;8894
SANTA LUCIA;-48,085336;-21,686568;8889
DOURADO;-48,316236;-22,113167;8883
PEREIRAS;-47,967867;-23,072852;8875
CRISTAIS PAULISTA;-47,423806;-20,402492;8803
OURO VERDE;-51,699321;-21,491166;8676
AREALVA;-48,920415;-22,024767;8665
SANTO ANTONIO DO ARACANGUA;-50,496735;-20,932497;8541
SALTINHO;-47,678288;-22,843367;8498
ESTRELA D'OESTE;-50,405467;-20,286082;8420
ICEM;-49,196120;-20,343505;8363
IRAPURU;-51,350173;-21,567476;8356
AGUAS DA PRATA;-46,716767;-21,934829;8262
GUARACAI;-51,209106;-21,032881;8258
IEPE;-51,077414;-22,663101;8228
LINDOIA;-46,661484;-22,520488;8201
BILAC;-50,481110;-21,402571;8197
MONTE ALEGRE DO SUL;-46,681194;-22,681129;8181
MACAUBAL;-49,963498;-20,801314;8174
IRAPUA;-49,408152;-21,276437;8101
IBIRAREMA;-50,079125;-22,814543;7926
CATIGUA;-49,057742;-21,048580;7905
ITOBI;-46,973419;-21,734902;7862
IPEUNA;-47,719096;-22,437300;7824
RESTINGA;-47,483090;-20,603803;7762
GUATAPARA;-48,037729;-21,491895;7760
SUD MENNUCCI;-50,920527;-20,692943;7738
TAPIRAI;-47,505288;-23,973148;7725
SAO PEDRO DO TURVO;-49,741476;-22,751256;7724
RIBEIRAO GRANDE;-48,367071;-24,101200;7686
TARABAI;-51,559573;-22,301668;7609
BARRA DO TURVO;-48,502343;-24,759387;7606
PAULICEIA;-51,847140;-21,309276;7540
BARBOSA;-49,953989;-21,259026;7532
NUPORANGA;-47,749105;-20,734000;7522
LAVRINHAS;-44,893110;-22,570096;7361
JACI;-49,573345;-20,884085;7322
ORINDIUVA;-49,351818;-20,180197;7318
COSMORAMA;-49,778860;-20,477035;7289
NOVA ALIANCA;-49,507138;-21,013735;7161
TUIUTI;-46,697024;-22,814756;7058
SANTO ANTONIO DA ALEGRIA;-47,155931;-21,089964;7024
JABORANDI;-48,413445;-20,687224;6963
ANHEMBI;-48,126927;-22,786321;6911
SANTO ANTONIO DO PINHAL;-45,679279;-22,831193;6843
JAMBEIRO;-45,693655;-23,256577;6828
QUINTANA;-50,311595;-22,071920;6736
GUARANTA;-49,594822;-21,895146;6685
NATIVIDADE DA SERRA;-45,446400;-23,375787;6624
ITIRAPUA;-47,219953;-20,642427;6587
PARDINHO;-48,372877;-23,080318;6579
ORIENTE;-50,093585;-22,148599;6569
PARAISO;-48,772529;-21,015793;6536
UBARANA;-49,719672;-21,162471;6488
SALES;-49,498769;-21,344453;6481
GALIA;-49,552111;-22,294019;6419
SILVEIRAS;-44,848996;-22,661424;6375
ARANDU;-49,050976;-23,133407;6373
TACIBA;-51,284773;-22,388266;6371
TAIACU;-48,511955;-21,146736;6346
SANTA MARIA DA SERRA;-48,159014;-22,569410;6298
IACRI;-50,689200;-21,855061;6269
ALAMBARI;-47,893588;-23,553899;6231
COLOMBIA;-48,687484;-20,171559;6223
COROADOS;-50,287296;-21,354053;6197
POLONI;-49,813895;-20,785858;6166
AGUAS DE SANTA BARBARA;-49,238608;-22,869149;6142
BALBINOS;-49,356473;-21,901524;6127
PEDRA BELA;-46,442031;-22,791384;6127
PIACATU;-50,599426;-21,595392;6093
CAMPINA DO MONTE ALEGRE;-48,480399;-23,584077;6088
NOVAIS;-48,917064;-20,990358;6057
MARABA PAULISTA;-51,968467;-22,110331;6039
SANTA ALBERTINA;-50,730564;-20,030703;6036
ECHAPORA;-50,207006;-22,424997;6026
CAIUA;-51,986893;-21,829910;6017
AMERICO DE CAMPOS;-49,727027;-20,296402;5993
TAQUARIVAI;-48,697329;-23,919257;5968
SANTO ANTONIO DO JARDIM;-46,682307;-22,118523;5926
LUIZIANIA;-50,327639;-21,673603;5918
TRES FRONTEIRAS;-50,884883;-20,228013;5856
GUAIMBE;-49,897178;-21,910921;5806
FERNANDO PRESTES;-48,692273;-21,267122;5805
BRAUNA;-50,318166;-21,501021;5795
BARRA DO CHAPEU;-49,027139;-24,471426;5794
ARAMINA;-47,786013;-20,089944;5689
MENDONCA;-49,582019;-21,180156;5638
SABINO;-49,580819;-21,460214;5638
SANTA ERNESTINA;-48,393650;-21,462922;5577
TAIUVA;-48,453935;-21,129556;5562
IPIGUA;-49,388142;-20,661646;5557
AVAI;-49,336815;-22,156772;5467
NIPOA;-49,780899;-20,913902;5381
SALMOURAO;-50,860672;-21,625363;5372
PRATANIA;-48,664686;-22,811468;5371
PLANALTO;-49,925720;-21,032328;5370
CANITAR;-49,785432;-23,009837;5365
RIVERSUL;-49,436697;-23,831335;5364
GUZOLANDIA;-50,661460;-20,650169;5346
ALVARO DE CARVALHO;-49,720609;-22,076375;5320
CANAS;-45,056976;-22,690669;5268
ANALANDIA;-47,660766;-22,128785;5115
CAMPOS NOVOS PAULISTA;-50,001795;-22,599749;5028
ITAPURA;-51,509969;-20,639826;4994
MIRASSOLANDIA;-49,465520;-20,616857;4966
NARANDIBA;-51,524240;-22,404283;4950
ESPIRITO SANTO DO TURVO;-49,429825;-22,694973;4926
BORACEIA;-48,779218;-22,193206;4913
GASTAO VIDIGAL;-50,190220;-20,795239;4911
LAGOINHA;-45,190811;-23,086921;4882
INDIANA;-51,251759;-22,172093;4873
SANTOPOLIS DO AGUAPEI;-50,504692;-21,639312;4856
GLICERIO;-50,208417;-21,379778;4842
GAVIAO PEIXOTO;-48,495459;-21,840367;4841
MOTUCA;-48,150661;-21,507609;4831
UBIRAJARA;-49,663272;-22,523835;4828
JULIO MESQUITA;-49,790794;-22,013169;4824
RIBEIRAO CORRENTE;-47,590705;-20,460660;4786
MONTEIRO LOBATO;-45,848152;-22,955011;4739
PONTALINDA;-50,524602;-20,440834;4719
LUPERCIO;-49,820325;-22,413815;4608
CORONEL MACEDO;-49,318912;-23,632235;4591
SANTA CRUZ DA CONCEICAO;-47,457164;-22,127682;4584
JOAO RAMALHO;-50,768535;-22,251046;4577
BURITIZAL;-47,708860;-20,193148;4547
RIBEIRAO DO SUL;-49,934168;-22,785735;4537
MURUTINGA DO SUL;-51,277138;-20,994298;4525
ONDA VERDE;-49,299215;-20,612722;4462
TEJUPA;-49,377442;-23,340592;4452
SANDOVALINA;-51,759952;-22,458542;4405
PRACINHA;-51,087077;-21,851928;4327
ITAPIRAPUA PAULISTA;-49,172166;-24,571553;4294
OCAUCU;-49,927373;-22,438860;4294
CABRALIA PAULISTA;-49,332447;-22,455087;4222
NOVA LUZITANIA;-50,265827;-20,856611;4217
ALTAIR;-49,060111;-20,523305;4211
ALFREDO MARCONDES;-51,412938;-21,952741;4201
CAIABU;-51,235953;-22,012325;4195
IPORANGA;-48,589601;-24,584460;4180
ANHUMAS;-51,386074;-22,293237;4172
MONTE CASTELO;-51,565493;-21,298959;4166
SAO JOSE DO BARREIRO;-44,578341;-22,646490;4141
POPULINA;-50,536853;-19,944333;4136
NOVA INDEPENDENCIA;-51,490447;-21,104542;4135
APARECIDA D'OESTE;-50,885616;-20,450845;4122
PARANAPUA;-50,586719;-20,099806;4112
MARIAPOLIS;-51,182898;-21,794493;4098
ALTO ALEGRE;-50,163597;-21,581689;4078
CORUMBATAI;-47,626610;-22,218997;4072
PRESIDENTE ALVES;-49,439149;-22,103674;4067
SUZANAPOLIS;-51,028223;-20,503344;4063
INUBIA PAULISTA;-50,964375;-21,769912;4045
BOM SUCESSO DE ITARARE;-49,143762;-24,318263;4013
ITAJU;-48,805022;-21,984672;3937
AREIAS;-44,699432;-22,582194;3906
QUADRA;-48,052685;-23,301575;3902
INDIAPORA;-50,288981;-19,977543;3876
REDENCAO DA SERRA;-45,536496;-23,272655;3827
MERIDIANO;-50,181832;-20,354110;3813
ELISIARIO;-49,110836;-21,164429;3742
PIQUEROBI;-51,731627;-21,884990;3706
MACEDONIA;-50,197628;-20,149998;3686
RIFAINA;-47,429199;-20,082932;3651
SARUTAIA;-49,483129;-23,274496;3623
ALVARES FLORENCE;-49,911185;-20,319876;3616
PLATINA;-50,208935;-22,633457;3606
SEBASTIANOPOLIS DO SUL;-49,920922;-20,656880;3595
AGUAS DE SAO PEDRO;-47,883975;-22,597340;3588
ADOLFO;-49,649721;-21,232730;3545
BARAO DE ANTONINA;-49,566064;-23,627111;3525
MOMBUCA;-47,567524;-22,926828;3523
QUEIROZ;-50,240928;-21,799094;3513
JUMIRIM;-47,798174;-23,082560;3467
PONGAI;-49,360870;-21,736176;3385
ITAOCA;-48,842856;-24,642594;3332
RIBEIRA;-49,008302;-24,657489;3320
ALVINLANDIA;-49,763033;-22,445010;3251
EMILIANOPOLIS;-51,480431;-21,831309;3238
NANTES;-51,238587;-22,620118;3215
RUBIACEA;-50,726908;-21,300524;3195
RUBINEIA;-50,997485;-20,171775;3191
SANTO EXPEDITO;-51,390921;-21,846805;3159
JERIQUARA;-47,588744;-20,312042;3143
MIRA ESTRELA;-50,138427;-19,980516;3125
PEDRINHAS PAULISTA;-50,792166;-22,811215;3109
MARAPOAMA;-49,140001;-21,258762;3097
MAGDA;-50,227537;-20,643481;3086
BENTO DE ABREU;-50,811852;-21,269108;3028
SANTA MERCEDES;-51,758974;-21,346911;2947
BREJO ALEGRE;-50,187259;-21,166128;2911
FLOREAL;-50,145689;-20,674031;2884
TAQUARAL;-48,408655;-21,072609;2815
SAO FRANCISCO;-50,700097;-20,358414;2813
CANDIDO RODRIGUES;-48,634039;-21,322614;2805
ZACARIAS;-50,055740;-21,050110;2784
GABRIEL MONTEIRO;-50,555461;-21,528980;2776
ESTRELA DO NORTE;-51,664176;-22,490599;2774
BOREBI;-48,971596;-22,567833;2713
TIMBURI;-49,603543;-23,202363;2647
FLORINEA;-50,724822;-22,903569;2631
LUTECIA;-50,389327;-22,343444;2623
OSCAR BRESSANE;-50,284126;-22,317882;2603
PONTES GESTAL;-49,703552;-20,182363;2576
SAO JOAO DAS DUAS PONTES;-50,380722;-20,388772;2555
CASSIA DOS COQUEIROS;-47,167106;-21,285000;2488
SANTA RITA D'OESTE;-50,830947;-20,141801;2476
PEDRANOPOLIS;-50,112390;-20,247647;2468
ARAPEI;-44,448107;-22,674799;2452
OLEO;-49,340951;-22,944585;2447
EMBAUBA;-48,832620;-20,982668;2446
TORRE DE PEDRA;-48,198239;-23,243770;2432
SAGRES;-50,957155;-21,881139;2427
LUCIANOPOLIS;-49,523179;-22,431640;2412
NOVA GUATAPORANGA;-51,649833;-21,329937;2333
LOURDES;-50,226660;-20,965391;2311
MONCOES;-50,096306;-20,850326;2274
RIBEIRAO DOS INDIOS;-51,600635;-21,838500;2222
PARISI;-50,012618;-20,302191;2177
SANTA CRUZ DA ESPERANCA;-47,433781;-21,291168;2166
SANTA CLARA D'OESTE;-50,930221;-20,091392;2111
DOLCINOPOLIS;-50,515363;-20,122871;2108
MARINOPOLIS;-50,825677;-20,439399;2101
SAO JOAO DO PAU D'ALHO;-51,666665;-21,268364;2095
TURIUBA;-50,109442;-20,950235;2024
CRUZALIA;-50,793666;-22,745499;2021
GUARANI D'OESTE;-50,341534;-20,075706;1996
SAO JOAO DE IRACEMA;-50,351598;-20,512615;1942
MESOPOLIS;-50,622080;-19,967037;1903
UNIAO PAULISTA;-49,897394;-20,887769;1886
VITORIA BRASIL;-50,480807;-20,198739;1852
PAULISTANIA;-49,399038;-22,574301;1835
NOVA CANAA PAULISTA;-50,948052;-20,386895;1824
ASPASIA;-50,726963;-20,158190;1815
DIRCE REIS;-50,606056;-20,464413;1805
ARCO-IRIS;-50,464911;-21,773914;1755
TRABIJU;-48,340183;-22,038074;1752
FERNAO;-49,519841;-22,359138;1739
TURMALINA;-50,477729;-20,051269;1667
SANTA SALETE;-50,688462;-20,243845;1558
SANTANA DA PONTE PENSA;-50,798404;-20,252602;1448
FLORA RICA;-51,382301;-21,676734;1397
NOVA CASTILHO;-50,343906;-20,765655;1290
URU;-49,283202;-21,786314;1142
BORA;-50,544881;-22,270117;839